id,name,model_id:id,group_id:id,perm_read,perm_write,perm_create,perm_unlink
access_recruitment_planning_header_directeur,recruitment.planning.header.directeur,model_recruitment_planning_header,recrutement.group_recruitment_directeur_entite,1,1,1,0
access_recruitment_planning_header_rh,recruitment.planning.header.rh,model_recruitment_planning_header,recrutement.group_recruitment_rh,1,1,0,0
access_recruitment_planning_header_dg,recruitment.planning.header.dg,model_recruitment_planning_header,recrutement.group_recruitment_dg,1,0,0,0
access_recruitment_planning_header_drh,recruitment.planning.header.drh,model_recruitment_planning_header,recrutement.group_recruitment_drh,1,0,0,0
access_recruitment_planning_line_directeur,recruitment.planning.line.directeur,model_recruitment_planning_line,recrutement.group_recruitment_directeur_entite,1,1,1,0
access_recruitment_planning_line_rh,recruitment.planning.line.rh,model_recruitment_planning_line,recrutement.group_recruitment_rh,1,1,0,0
access_recruitment_planning_line_dg,recruitment.planning.line.dg,model_recruitment_planning_line,recrutement.group_recruitment_dg,1,0,0,0
access_recruitment_planning_line_drh,recruitment.planning.line.drh,model_recruitment_planning_line,recrutement.group_recruitment_drh,1,0,0,0
access_recruitment_direction_all,recruitment.direction.all,model_recruitment_direction,,1,1,1,1
access_recruitment_project_all,recruitment.project.all,model_recruitment_project,,1,1,1,1